{
  "mu_45_beta_0.75_modo_8": 3.183691680165117,
  "mu_55_beta_0.65_modo_8": 4.063223419360664
}