{
  "mu_45_beta_0.75_modo_8": 3.183691680165117,
  "mu_55_beta_0.65_modo_8": 4.063223419360664,
  "mu_35_beta_0.75_modo_8": 2.6584066557091712,
  "mu_40_beta_0.75_modo_8": 2.7415747514961457,
  "mu_24_beta_0.75_modo_8": 2.4710763597794627,
  "mu_16_beta_0.75_modo_8": 2.322620258310202,
  "mu_12_beta_0.75_modo_8": 2.2581751233780674,
  "mu_10_beta_0.75_modo_8": 2.216113227824001,
  "mu_55_beta_0.75_modo_8": 3.3244471429233635,
  "mu_52_beta_0.75_modo_8": 3.2777578463252923,
  "mu_74_beta_0.75_modo_8": 4.246821963269122,
  "mu_80_beta_0.65_modo_8": 4.349432788374375,
  "mu_65_beta_0.85_modo_8": 3.760892422880986
}