{
  "mu_72_beta_0.65_modo_8": 3.4525797443043817,
  "mu_66_beta_0.75_modo_8": 2.983358538378279,
  "mu_56_beta_0.85_modo_8": 2.7797870138832854,
  "mu_84_beta_0.65_modo_8": 3.9874284608671444,
  "mu_77_beta_0.75_modo_8": 3.688542821184713,
  "mu_60_beta_0.85_modo_8": 2.836073822337731
}